{
  "__type__": "cc.SpriteAtlas",
  "_name": "public_ui.plist",
  "_objFlags": 0,
  "_rawFiles": null,
  "_spriteFrames": {
    "head_img_female": {
      "__uuid__": "d2d631ae-5272-47d1-9604-e3ec6d209b9f"
    },
    "head_img_male": {
      "__uuid__": "afc96215-f657-4e45-b5e6-ff5152f52566"
    },
    "head_mask": {
      "__uuid__": "99590587-bbe2-476a-8f41-0ee43fb6e872"
    },
    "player_info_bg": {
      "__uuid__": "7c699688-794b-436c-92aa-8044ae3896f0"
    },
    "public_bar_btm": {
      "__uuid__": "dd067b6a-d750-478c-b239-a845ef554ef7"
    },
    "public_bar_top": {
      "__uuid__": "e8d9f695-ac2f-43dc-b9a0-b51e9531a700"
    },
    "public_btn_back": {
      "__uuid__": "312c5295-8210-4203-b06e-c72d765f0928"
    },
    "public_btn_cancel": {
      "__uuid__": "5df0fb42-67cf-4df8-8ba4-539ef53a3ba7"
    },
    "public_btn_close": {
      "__uuid__": "05b80eb8-2054-4f28-9be0-36044421240d"
    },
    "public_btn_ok": {
      "__uuid__": "718e98bd-522b-4ff0-b5cd-e955aa0d620b"
    },
    "public_frame_a": {
      "__uuid__": "397f7028-2225-43bd-9c38-80f857a464cb"
    },
    "public_frame_b": {
      "__uuid__": "fc8d435b-7d57-43bf-80b1-b0e1d77eeafd"
    },
    "public_frame_head": {
      "__uuid__": "50e77c44-284c-44b7-8797-2a246a7b60fd"
    },
    "sex_female": {
      "__uuid__": "8c2e8172-65aa-4d5f-ad62-5383e3f1f939"
    },
    "sex_male": {
      "__uuid__": "ecf2a72a-7f6b-496d-a333-45912d28efcd"
    }
  }
}