{
  "__type__": "cc.AnimationClip",
  "_name": "shihua",
  "_objFlags": 0,
  "_rawFiles": null,
  "_duration": 0.5,
  "sample": 12,
  "speed": 1,
  "wrapMode": 2,
  "curveData": {
    "comps": {
      "cc.Sprite": {
        "spriteFrame": [
          {
            "frame": 0,
            "value": {
              "__uuid__": "9c24b693-4be6-4fee-8fec-9614208b37fc"
            }
          },
          {
            "frame": 0.08333333333333333,
            "value": {
              "__uuid__": "f2666293-f619-40bd-850e-04cb601c4f23"
            }
          },
          {
            "frame": 0.16666666666666666,
            "value": {
              "__uuid__": "ecb7074a-215e-4245-976a-5e0669c94479"
            }
          },
          {
            "frame": 0.25,
            "value": {
              "__uuid__": "216ecf6c-1d78-4218-a52d-9ed7712b5831"
            }
          },
          {
            "frame": 0.3333333333333333,
            "value": {
              "__uuid__": "e0906f59-9a5b-4b4a-9406-132008e36610"
            }
          },
          {
            "frame": 0.4166666666666667,
            "value": {
              "__uuid__": "66b308cb-b553-47c2-a12c-21370349a729"
            }
          }
        ]
      }
    }
  },
  "events": []
}