{
  "__type__": "cc.AnimationClip",
  "_name": "happy",
  "_objFlags": 0,
  "_rawFiles": null,
  "_duration": 0.3333333333333333,
  "sample": 6,
  "speed": 1,
  "wrapMode": 2,
  "curveData": {
    "comps": {
      "cc.Sprite": {
        "spriteFrame": [
          {
            "frame": 0,
            "value": {
              "__uuid__": "092833c8-627a-4f92-9774-83e743083685"
            }
          },
          {
            "frame": 0.16666666666666666,
            "value": {
              "__uuid__": "5c72c12b-d37a-47aa-8a04-faa20f4d8be0"
            }
          }
        ]
      }
    }
  },
  "events": []
}