{
  "__type__": "cc.SpriteAtlas",
  "_name": "play_scene.plist",
  "_objFlags": 0,
  "_rawFiles": null,
  "_spriteFrames": {
    "alarm_clock": {
      "__uuid__": "3e01c30e-044d-4d20-9cb9-05c97a4bee7a"
    },
    "banker_sign": {
      "__uuid__": "49b48549-9276-4962-bce2-5c6733965a79"
    },
    "btn_agree": {
      "__uuid__": "4338b286-ca55-4eec-877f-ca22150bc313"
    },
    "btn_back_sala": {
      "__uuid__": "ea7d8d70-11a2-48fd-8f20-82bd49ffce05"
    },
    "btn_dismiss_room": {
      "__uuid__": "150829b1-d3a8-4b43-a7d2-b894c15fb133"
    },
    "btn_gang": {
      "__uuid__": "3479e792-95f8-4d4d-b196-2f8c6a125cd4"
    },
    "btn_message": {
      "__uuid__": "56958185-085b-40b3-8c94-6e58181b7ca5"
    },
    "btn_pass": {
      "__uuid__": "28cd14db-6ba3-458d-bcb3-ea53a7adddc3"
    },
    "btn_peng": {
      "__uuid__": "234dedb0-678d-4893-9486-2e471a0f0a17"
    },
    "btn_ready": {
      "__uuid__": "cedd15d4-6953-4ab8-b2c3-db44e1d961f6"
    },
    "btn_refuse": {
      "__uuid__": "7ce05240-d123-4f98-9258-7c67fee072b5"
    },
    "btn_setting": {
      "__uuid__": "ddc89083-5194-4822-a109-4a65e07411d2"
    },
    "btn_weixin_invite": {
      "__uuid__": "249efc01-de45-4d92-8851-12b8e612751d"
    },
    "btn_win": {
      "__uuid__": "7a731f97-f192-4f9b-ba2f-a5f7e6fa9b7a"
    },
    "decision_sign_1": {
      "__uuid__": "dc8aaac9-73a5-48aa-b04c-6679debab83f"
    },
    "decision_sign_2": {
      "__uuid__": "8d09e976-25a0-4c78-81cd-65fac8505830"
    },
    "decision_sign_3": {
      "__uuid__": "40070852-dace-4de0-976c-f37aa482b996"
    },
    "decision_sign_4": {
      "__uuid__": "ecb830a8-95c6-4528-bb97-771d7cd13dc4"
    },
    "dismiss_room_title": {
      "__uuid__": "38be1123-65ab-4374-9b79-5ba993c9e089"
    },
    "fan_pao_bg": {
      "__uuid__": "237032f8-9668-4bdc-bc99-960e5c53bd9f"
    },
    "headallbk": {
      "__uuid__": "69d89393-64d9-47ff-8411-f7147b162086"
    },
    "headbk": {
      "__uuid__": "87349c4b-caa4-428d-ae53-549b97438ce4"
    },
    "laizi_bg": {
      "__uuid__": "d4ee4a99-35be-459e-8221-3d7064ad0051"
    },
    "mahjong_title": {
      "__uuid__": "3329caac-ff7b-4e43-815f-ae3ce3d83c7a"
    },
    "msg_bubble_btm": {
      "__uuid__": "b35a9d33-5790-459f-950c-eee12b27056c"
    },
    "msg_bubble_left": {
      "__uuid__": "23fdb5af-9999-464a-9131-bcf186d31075"
    },
    "msg_bubble_right": {
      "__uuid__": "b8bed57c-7c55-41cc-8f87-b746d4bf0c73"
    },
    "msg_bubble_top": {
      "__uuid__": "535753f9-162b-4819-969d-6726b942ab53"
    },
    "msg_set_bg": {
      "__uuid__": "5e5d01f9-5a85-4abc-9330-a89e7f44dbbb"
    },
    "off_line_sign": {
      "__uuid__": "a230e2f8-3203-4f06-8299-6a187f59b5eb"
    },
    "outmjtile_sign": {
      "__uuid__": "b3daa091-3e8e-4358-8255-7543c401efd7"
    },
    "ready_sign": {
      "__uuid__": "c310366e-416a-4166-ba90-9b5a589f1dd6"
    },
    "speaker1": {
      "__uuid__": "3a3a48a1-be45-46c4-b82b-1b5d10a7132e"
    },
    "timebk": {
      "__uuid__": "c3fde634-7152-4408-813e-581c2ca09f45"
    },
    "turn_pos_0": {
      "__uuid__": "c6792fab-a883-4d0f-8ec5-ad4d738671cd"
    },
    "turn_pos_1": {
      "__uuid__": "bd840aff-153b-4609-9f4e-c203d8d31d2e"
    },
    "turn_pos_2": {
      "__uuid__": "9fdbad27-6226-4502-a818-f93f2d543cf8"
    },
    "turn_pos_3": {
      "__uuid__": "b4cd8eb2-b901-43e6-85c2-8791641cecaa"
    },
    "turn_pos_bg": {
      "__uuid__": "8c3ba05e-1fbf-4af6-934e-40020fa8a371"
    },
    "voice_btn": {
      "__uuid__": "ff360503-52f4-4bcb-9760-21032e85ef6f"
    }
  }
}