{
  "__type__": "cc.AnimationClip",
  "_name": "han",
  "_objFlags": 0,
  "_rawFiles": null,
  "_duration": 0.3333333333333333,
  "sample": 6,
  "speed": 1,
  "wrapMode": 2,
  "curveData": {
    "comps": {
      "cc.Sprite": {
        "spriteFrame": [
          {
            "frame": 0,
            "value": {
              "__uuid__": "cc85a55a-6a5f-4376-a1e7-9def6d14f73b"
            }
          },
          {
            "frame": 0.16666666666666666,
            "value": {
              "__uuid__": "37d4ee65-bd1a-47ae-be4d-eddc881e8ff0"
            }
          }
        ]
      }
    }
  },
  "events": []
}