{
  "__type__": "cc.AnimationClip",
  "_name": "zhiya",
  "_objFlags": 0,
  "_rawFiles": null,
  "_duration": 0.3333333333333333,
  "sample": 6,
  "speed": 1,
  "wrapMode": 2,
  "curveData": {
    "comps": {
      "cc.Sprite": {
        "spriteFrame": [
          {
            "frame": 0,
            "value": {
              "__uuid__": "48285984-e828-4033-8a54-dd4e5654f01e"
            }
          },
          {
            "frame": 0.16666666666666666,
            "value": {
              "__uuid__": "5c8f3de3-2dba-4e42-b354-d776cadfa12b"
            }
          }
        ]
      }
    }
  },
  "events": []
}